"জেলা","নির্বাচনী আসন","কেন্দ্র নং","ভোটকেন্দ্রের নাম","বৈধ ভোট","বাতিল ভোট","অনুপস্থিত ভোটার","মোট ভোটার","ফাইল"
"শেরপুর","শেরপুর-৩","১","সিংগাবরুনা সরকারী প্রাথমিক বিদ্যালয়, সিংগাবরুনাগ্রাম- সিংগাবরুনা,উপজেলা- শ্রীবরদী, জেলা- শেরপুর।","১০৮২","৯","১২৩০","২৩২১","ডাউনলোড"
"শেরপুর","শেরপুর-৩","২","বড়ইকুচি সরকারী প্রাথমিক বিদ্যালয়, বড়ইকুচিগ্রাম- বড়ই কুচি, উপজেলা- শ্রীবরদী, জেলা- শেরপুর।","১৪৩৬","১১","১৯৫৬","৩৪০৩","ডাউনলোড"
"শেরপুর","শেরপুর-৩","৩","মাটিফাটা জিএম উচ্চ বিদ্যালয়, (টিনসেট ভবন) মাটিফাটা-১গ্রাম: মাটিফাটা, ডাকঘর- মাটিফাটা, উপজেলা- শ্রীবরদী, জেলা- শেরপুর।","১৭৩৬","৬","১৮৮৭","৩৬২৯","ডাউনলোড"
"শেরপুর","শেরপুর-৩","৪","মাটিফাটা জি,এম, উচ্চ বিদ্যালয় (মূল ভবন), মাটিফাটা-২গ্রাম: মাটিফাটা, ডাকঘর- মাটিফাটা, উপজেলা- শ্রীবরদী, জেলা- শেরপুর।","১৩৪৪","৩","২৪৮২","৩৮২৯","ডাউনলোড"
"শেরপুর","শেরপুর-৩","৫","জলংগা মাধবপুর সরকারি প্রাথমিক বিদ্যালয়, জলংগা মাধবপুরগ্রাম- জলংগা মাধবপুর,উপজেলা- শ্রীবরদী, জেলা- শেরপুর।","১৪৬৪","৭","২১০৯","৩৫৮০","ডাউনলোড"
"শেরপুর","শেরপুর-৩","৬","মেঝপাড়া সরকারি প্রাথমিক বিদ্যালয়, মেঝপাড়াপোঃ মাটিফাটা, সিংগাবরুনা ইউনিয়ন, শ্রীবরদী, শেরপুর","১২৮২","৫","১৫৭৩","২৮৬০","ডাউনলোড"
"শেরপুর","শেরপুর-৩","৭","বালুর চর হাইস্কুল এন্ড কলেজ, বালুর চরগ্রাম- ভায়াডাঙ্গা, উপজেলা- শ্রীবরদী, জেলা- শেরপুরু।","১৮২৭","৪","২১১১","৩৯৪২","ডাউনলোড"
"শেরপুর","শেরপুর-৩","৮","ভায়াডাঙ্গা মদিনাতুল উলুম কওমী মাদ্রাসা, ভায়াডাঙ্গাগ্রাম: রানীশিমুল, ডাকঘর- ভায়াডাংগা, উপজেলা- শ্রীবরদী, জেলা- শেরপুর।","১৮৬৬","১৩","২৬৫০","৪৫২৯","ডাউনলোড"
"শেরপুর","শেরপুর-৩","৯","বাঘহাতা সরকারী প্রাথমিক বিদ্যালয়, বাঘহাতাগ্রাম- ভায়াডাঙ্গা, উপজেলা- শ্রীবরদী, জেলা- শেরপুরু্","১৮০৪","৭","১৯০৮","৩৭১৯","ডাউনলোড"
"শেরপুর","শেরপুর-৩","৭৩","গুরুচরণ দুধনই আদর্শ উচ্চ বিদ্যালয় গুরুচরণ দুধনই।","১৩৫৫","২০","১৬৩৯","৩০১৪","ডাউনলোড"
"শেরপুর","শেরপুর-৩","১০","চক্রপুর সরকারী প্রাথমিক বিদ্যালয়, চক্রপুরগ্রাম: চক্রপুর, ডাকঘর- ভায়াডাংগা, উপজেলা- শ্রীবরদী, জেলা- শেরপুর।","১৭২১","৭","১৭২৫","৩৪৫৩","ডাউনলোড"
"শেরপুর","শেরপুর-৩","১১","বালিজুরী সরকারী প্রাথমিক বিদ্যালয়, বালিজুরীগ্রাম: বালিজুড়ী, ডাকঘর- বালিজুড়ী, উপজেলা- শ্রীবরদী, জেলা- শেরপুর।","১৯৭৫","২০","২২১২","৪২০৭","ডাউনলোড"
"শেরপুর","শেরপুর-৩","১২","টেংগরপাড়া উচ্চ বিদ্যালয়, টেংগরপাড়াগ্রাম: ভায়াডাংগা আসন্দিপাড়া, ডাকঘর- ভায়াডাংগা, উপজেলা- শ্রীবরদী, জেলা- শেরপুর।","৯২৯","৯","১২৪০","২১৭৮","ডাউনলোড"
"শেরপুর","শেরপুর-৩","৭৪","পূর্ব কাংশা সরকারি প্রাথমিক বিদ্যালয়পূর্ব কাংশা।","১২৬৭","৮","১১৪৭","২৪২২","ডাউনলোড"
"শেরপুর","শেরপুর-৩","১৩","টেংগরপাড়া সরকারি প্রাথমিক বিদ্যালয়, টেংগরপাড়াগ্রাম- টেংগরপাড়া, উপজেলা- শ্রীবরদী, জেলা- শেরপুর।","৭৯৯","৬","১৬১৪","২৪১৯","ডাউনলোড"
"শেরপুর","শেরপুর-৩","৭৫","পানবর সরকারি প্রাথমিক বিদ্যালয় পানবর।","১০৮২","১২","১২০৯","২৩০৩","ডাউনলোড"
"শেরপুর","শেরপুর-৩","১৪","রানীশিমুল সরকারি প্রাথমিক বিদ্যালয়, রানীশিমুলগ্রাম- রানীশমুল, উপজেলা- শ্রীবরদী, জেলা- শেরপুর।","২৩৬২","১৫","২৪৯৮","৪৮৭৫","ডাউনলোড"
"শেরপুর","শেরপুর-৩","৭৬","আয়নাপুর উচ্চ বিদ্যালয়আয়নাপুর।","২১৫৮","১২৭","২০১৪","৪২৯৯","ডাউনলোড"
"শেরপুর","শেরপুর-৩","১৫","গবরীকুড়া সরকারী প্রাথমিক বিদ্যালয়, গবরীকুড়াগ্রাম: খঞ্চেপাড়া, ডাকঘর- কাকিলাকুড়া, উপজেলা- শ্রীবরদী, জেলা- শেরপুর।","১০৫৬","৫","১২৪৭","২৩০৮","ডাউনলোড"
"শেরপুর","শেরপুর-৩","৭৭","দুপুরিয়া সরকারি প্রাথমিক বিদ্যালয়দুপুরিয়া।","১৪০৩","৫","১৮০২","৩২১০","ডাউনলোড"
"শেরপুর","শেরপুর-৩","১৬","গবরীকুড়া আকন্দ কলম আলী উচ্চ বিদ্যালয়, গবরীকুড়াগ্রাম- গবরীকুড়া, উপজেলা- শ্রীবরদী, জেলা- শেরপুর।","১১০০","৭","১৩৫৪","২৪৬১","ডাউনলোড"
"শেরপুর","শেরপুর-৩","৭৮","গান্দিগাঁও সরকারি প্রাথমিক বিদ্যালয়গান্দিগাঁও।","২২২২","১০","২০২৬","৪২৫৮","ডাউনলোড"
"শেরপুর","শেরপুর-৩","৭৯","বাকাকুড়া উচ্চ বিদ্যালয়বাকাকুড়া।","১৯৯০","২৬","২২৬৪","৪২৮০","ডাউনলোড"
"শেরপুর","শেরপুর-৩","৮০","নওকুচি সরকারি প্রাথমিক বিদ্যালয় নওকুচি","১২৫৮","২২","১০৫৯","২৩৩৯","ডাউনলোড"
"শেরপুর","শেরপুর-৩","১৭","গড়খোলা সরকারী প্রাথমিক বিদ্যালয়, গড়খোলাগ্রাম- গড়খোলা, উপজেলা- শ্রীবরদী, জেলা- শেরপুর।","১৬৬২","৫","১৫৪২","৩২০৯","ডাউনলোড"
"শেরপুর","শেরপুর-৩","১৮","কামারদহেরপাড় সরকারী প্রাথমিক বিদ্যালয়, কামারদহেরপাড়গ্রাম- কামারদহেরপাড়, ইউনিয়ন: কাকিলাকুড়া, উপজেলা - শ্রীবরদী, জেলা- শেরপুর।","২৩০২","৭","২৭২২","৫০৩১","ডাউনলোড"
"শেরপুর","শেরপুর-৩","৮১","ধানশাইল উচ্চ বিদ্যালয়ধানশাইল।","১৫৬০","১০৮","২০১০","৩৬৭৮","ডাউনলোড"
"শেরপুর","শেরপুর-৩","১৯","কাকিলাকুড়া সরকারী প্রাথমিক বিদ্যালয়, কাকিলাকুড়াগ্রাম: মলামারী, ডাকঘর- মলামারী,উপজেলা- শ্রীবরদী, জেলা- শেরপুর।","১১১৭","১৪","১৪০৪","২৫৩৫","ডাউনলোড"
"শেরপুর","শেরপুর-৩","১২০","জোলগাঁও সরকারি সরকারি প্রাথমিক বিদ্যালয়জোলগাঁও।","১১৮১","৫","১২৮২","২৪৬৮","ডাউনলোড"
"শেরপুর","শেরপুর-৩","২০","কাকিলাকুড়া উচ্চ বিদ্যালয়, কাকিলাকুড়াগ্রাম- মলামারী, উপজেলা- শ্রীবরদী, জেলা- শেরপুর।","৮৩৮","২","১৭৬১","২৬০১","ডাউনলোড"
"শেরপুর","শেরপুর-৩","১২১","বানিয়াপাড়া সরকারি প্রাথমিক বিদ্যালয়বানিয়াপাড়া।","১৩৩৪","১০","৮৫৬","২২০০","ডাউনলোড"
"শেরপুর","শেরপুর-৩","৮২","ধানশাইল ইসলামিয়া দাখিল মাদ্রাসাধানশাইল।","১৬৮৬","১২","২০২৭","৩৭২৫","ডাউনলোড"
"শেরপুর","শেরপুর-৩","২১","খোশালপুর সরকারী প্রাথমিক বিদ্যালয়, খোশালপুরগ্রাম- খোশালপুর, উপজেলা- শ্রীবরদী, জেলা- শেরপুর।","১৮৫৩","৫","২৬০০","৪৪৫৮","ডাউনলোড"
"শেরপুর","শেরপুর-৩","১২২","চেঙ্গুরিয়া আনছার আলী উচ্চ বিদ্যালয়চেঙ্গুরিয়া।","১২৫৬","১৫","৯২৭","২১৯৮","ডাউনলোড"
"শেরপুর","শেরপুর-৩","৮৩","দাড়িয়ারপাড় সরকারি প্রাথমিক বিদ্যালয়দাড়িয়ারপাড়।","২১১৫","২৮","১৯২৯","৪০৭২","ডাউনলোড"
"শেরপুর","শেরপুর-৩","১২৩","রাঙ্গামাটিয়া সরকারি প্রাথমিক বিদ্যালয়রাঙ্গামাটিয়া।","১৭৭২","০","১৬৩০","৩৪০২","ডাউনলোড"
"শেরপুর","শেরপুর-৩","২২","খোশালপুর দক্ষিণ সরকারী প্রাথমিক বিদ্যালয়, খোশালপুরখোশালপুর দক্ষিণ","১৬৪২","৮","১৯৭২","৩৬২২","ডাউনলোড"
"শেরপুর","শেরপুর-৩","১২৪","হাসলি বাতিয়া সরকারি প্রাথমিক বিদ্যালয়বাতিয়াগাঁও।","১৫৫৩","৪","৭৭৮","২৩৩৫","ডাউনলোড"
"শেরপুর","শেরপুর-৩","২৩","পশ্চিম ছনকান্দা সরকারী প্রাথমিক বিদ্যালয়, পশ্চিম ছনকান্দাগ্রাম- ছনকান্দা, উপজেলা- শ্রীবরদী, জেলা- শেরপুর।","১৪৪৯","৭","১১২৫","২৫৮১","ডাউনলোড"
"শেরপুর","শেরপুর-৩","৮৪","উত্তর কান্দুলী সরকারি প্রাথমিক বিদ্যালয়উত্তর কান্দুলী।","১৩৩০","৭","১৪৯৭","২৮৩৪","ডাউনলোড"
"শেরপুর","শেরপুর-৩","৮৫","বাগেরভিটা দাখিল মাদ্রাসাবাগেরভিটা।","১১৯৩","৫","১৩২২","২৫২০","ডাউনলোড"
"শেরপুর","শেরপুর-৩","৮৬","কান্দুলী সরকারি প্রাথমিক বিদ্যালয়কান্দুলী।","১৩০৪","৭","৯৯৪","২৩০৫","ডাউনলোড"
"শেরপুর","শেরপুর-৩","২৪","চককাউরিয়া সরকারী প্রাথমিক বিদ্যালয়, চককাউরিয়াগ্রাম: চককাউরিয়া,উপজেলা- শ্রীবরদী, জেলা- শেরপুর।","১৯৭০","৫","২১৩৮","৪১১৩","ডাউনলোড"
"শেরপুর","শেরপুর-৩","৮৮","ভালুকা সরকারি প্রাথমিক বিদ্যালয়ভালুকা।","১৩৫৪","৭","১৩০০","২৬৬১","ডাউনলোড"
"শেরপুর","শেরপুর-৩","৮৭","কুচনীপাড়া সরকারি প্রাথমিক বিদ্যালয়কুচনীপাড়া।","১৯৩৪","২৩","৮৮২","২৮৩৯","ডাউনলোড"
"শেরপুর","শেরপুর-৩","২৫","দক্ষিন ষাইটকাকড়া সরকারী প্রাথমিক বিদ্যালয়, দক্ষিন ষাইটকাকড়াগ্রাম- দক্ষিণ ষাইট কাকড়া, ডাকঘর- শ্রীবরদী, উপজেলা- শ্রীবরদী, জেলা- শেরপুর।","৫৬৭","৪","৫০৪","১০৭৫","ডাউনলোড"
"শেরপুর","শেরপুর-৩","২৬","গেরামারা সরকারি প্রাথমিক বিদ্যালয়, গেরামারাগ্রাম- গেরামারা, উপজেলা- শ্রীবরদী, জেলা- শেরপুর।","৭৬৮","৭","৬৮২","১৪৫৭","ডাউনলোড"
"শেরপুর","শেরপুর-৩","৮৯","ডেফলাই সরকারি প্রাথমিক বিদ্যালয়ডেফলাই।","২২৫৭","১৭","২৪৩৩","৪৭০৭","ডাউনলোড"
"শেরপুর","শেরপুর-৩","৯৭","ভারুগাঁও সরকারি প্রাথমিক বিদ্যালয়ভারুগাঁও।","১৪০৫","১৭","১৫৩৮","২৯৬০","ডাউনলোড"
"শেরপুর","শেরপুর-৩","২৭","পোড়াগড় সরকারী প্রাথমিক বিদ্যালয়, পোড়াগড়গ্রাম- পোড়াগড়, উপজেলা- শ্রীবরদী, জেলা- শেরপুর।","১৪২০","১৪","১৩৪৯","২৭৮৩","ডাউনলোড"
"শেরপুর","শেরপুর-৩","৯৮","হলদিবাটা সরকারি প্রাথমিক বিদ্যালয়হলদিবাটা।","১৬০১","২২","১৭৭৪","৩৩৯৭","ডাউনলোড"
"শেরপুর","শেরপুর-৩","২৮","বকচর সরকারী প্রাথমিক বিদ্যালয়, বকচরগ্রাম: বকচর, উপজেলা- শ্রীবরদী, জেলা- শেরপুর।","১৫৩৮","১৫","১১১০","২৬৬৩","ডাউনলোড"
"শেরপুর","শেরপুর-৩","৯৯","কালাকুড়া সরকারি প্রাথমিক বিদ্যালয়কালাকুড়া।","৯৭৮","৩","৯১০","১৮৯১","ডাউনলোড"
"শেরপুর","শেরপুর-৩","৯০","শালচূড়া উচ্চ বিদ্যালয়শালচূড়া।","১৬৩৩","২","১২১০","২৮৪৫","ডাউনলোড"
"শেরপুর","শেরপুর-৩","১০০","বনগ্রাম হাফেজ উদ্দিন উচ্চ বিদ্যালয়বনগাঁও পূর্ব পাড়া।","১৬০১","৭","১৩৬৪","২৯৭২","ডাউনলোড"
"শেরপুর","শেরপুর-৩","১২৭","সরকারি আদর্শ মহাবিদ্যালয়তিনানী, মালিঝিকান্দা।","১৪০৬","১৪","১৪১৪","২৮৩৪","ডাউনলোড"
"শেরপুর","শেরপুর-৩","৯১","রাংটিয়া বিদ্যালয়রাংটিয়া নলকুড়া, ঝিনাইগাতী, শেরপুর।","১৬১৮","৪","১৪০০","৩০২২","ডাউনলোড"
"শেরপুর","শেরপুর-৩","১২৮","হাসলিগাঁও সরকারি প্রাথমিক বিদ্যালয়।হাসলিগাঁও।","১২৮৫","২০","৭৬৪","২০৬৯","ডাউনলোড"
"শেরপুর","শেরপুর-৩","১০১","পশ্চিম বনগাঁও সরকারি প্রাথমিক বিদ্যালয়পশ্চিম বনগাঁও।","১৪০৮","১০","১৩৪৬","২৭৬৪","ডাউনলোড"
"শেরপুর","শেরপুর-৩","২৯","শালমারা সরকারী প্রাথমিক বিদ্যালয়, শালমারাগ্রাম: শালমারা, ডাকঘর- ভটপুর, উপজেলা- শ্রীবরদী, জেলা- শেরপুর।","২১৪১","৬","২২৭০","৪৪১৭","ডাউনলোড"
"শেরপুর","শেরপুর-৩","৯২","সন্ধ্যাকুড়া সরকারি প্রাথমিক বিদ্যালয়সন্ধ্যাকুড়া।","১২৪৪","১১","৯৫২","২২০৭","ডাউনলোড"
"শেরপুর","শেরপুর-৩","১০২","বনগাঁও জনতা উচ্চ বিদ্যালয়বনগাঁও।","১২৭৯","১৪","১৫২৬","২৮১৯","ডাউনলোড"
"শেরপুর","শেরপুর-৩","৩০","মাটিয়াকুড়া সরকারী প্রাথমিক বিদ্যালয়, মাটিয়াকুড়াগ্রাম- মাটিয়াকুড়া, উপজেলা- শ্রীবরদী, জেলা- শেরপুর।","১৯৯৬","৭","২৩২২","৪৩২৫","ডাউনলোড"
"শেরপুর","শেরপুর-৩","১১৪","হাতীবান্ধা সরকারি প্রাথমিক বিদ্যালয়হাতীবান্ধা।","১৬৪২","২৩","১১৯২","২৮৫৭","ডাউনলোড"
"শেরপুর","শেরপুর-৩","৩১","গিলাগাছা সরকারী প্রাথমিক বিদ্যালয়, গিলাগাছাগ্রাম- গিলাগাছ, উপজেলা- শ্রীবরদী, জেলা- শেরপুর।","২২৬৪","১৯","১৫০৮","৩৭৯১","ডাউনলোড"
"শেরপুর","শেরপুর-৩","১০৩","হাজী অছিমদ্দিন আমরুন্নেছা বালিকা উচ্চ বিদ্যালয়ঝিনাইগাতী।","১৭৬৯","২২","১৯৪৫","৩৭৩৬","ডাউনলোড"
"শেরপুর","শেরপুর-৩","৯৩","নলকুড়া সরকারি প্রাথমিক বিদ্যালয়নলকুড়া।","১২২৭","২১","১২২৩","২৪৭১","ডাউনলোড"
"শেরপুর","শেরপুর-৩","৩২","বালিয়াচন্ডি আব্দুল আজিজ পাবলিক উচ্চ বিদ্যালয়, বালিয়াচন্ডিগ্রাম- বালিয়াচন্ডি, উপজেলা- শ্রীবরদী, জেলা- শেরপুর।","১৯৯৩","২৮","১৩২৭","৩৩৪৮","ডাউনলোড"
"শেরপুর","শেরপুর-৩","৩৩","বালিয়াচন্ডি সরকারী প্রাথমিক বিদ্যালয়, বালিয়াচন্ডিগ্রাম: বালিয়াচন্ডি, ডাকঘর- বালিয়াচন্ডি, উপজেলা- শ্রীবরদী, জেরা- শেরপুর।","১৬৪৯","১৯","১৭৮৪","৩৪৫২","ডাউনলোড"
"শেরপুর","শেরপুর-৩","৯৪","ফাকরাবাদ সরকারি প্রাথমিক বিদ্যালয়ফাকরাবাদ।","১১৯৯","১১","১১৩৭","২৩৪৭","ডাউনলোড"
"শেরপুর","শেরপুর-৩","১০৪","ডা. সেরাজুল হক টেকনিক্যাল এন্ড কৃষি ডিপ্লোমা ইনস্টিটিউটআহম্মদ নগর।","১৪১৮","১৩","১৭৫৩","৩১৮৪","ডাউনলোড"
"শেরপুর","শেরপুর-৩","১০৫","আহমদ নগর উচ্চ বিদ্যালয়আহমদ নগর।","১৪৫৪","৮","১৯৫৮","৩৪২০","ডাউনলোড"
"শেরপুর","শেরপুর-৩","৩৬","নয়ানী শ্রীবরদী সরকারী প্রাথমিক বিদ্যালয়, নয়ানী শ্রীবরদীগ্রাম: নয়ানী শ্রীবরদী, ডাকঘর- ফতেহ্পুর, উপজেলা- শ্রীবরদী, জেরা- শেরপুর।","১৮৯৯","৬","১৬৮৭","৩৫৯২","ডাউনলোড"
"শেরপুর","শেরপুর-৩","১১৭","ঘাগড়া সরকারি প্রাথমিক বিদ্যালয়ঘাগড়া সরকারপাড়া।","১৭২৪","৫","১৬৯৭","৩৪২৬","ডাউনলোড"
"শেরপুর","শেরপুর-৩","১০৬","ঝিনাইগাতী সরকারি মডেল পাইলট উচ্চ বিদ্যালয় (নতুন ভবন)ঝিনাইগাতী।","১৪৬০","২৪","১৫৬০","৩০৪৪","ডাউনলোড"
"শেরপুর","শেরপুর-৩","৩৭","কুড়িপাড়া সরকারী প্রাথমিক বিদ্যালয়, কুড়িপাড়াগ্রাম- কুড়িপাড়া,ডাকঘর- বালুঘাট, উপজেলা- শ্রীবরদী, জেলা- শেরপুর।","১১২৪","৮","১০৬৩","২১৯৫","ডাউনলোড"
"শেরপুর","শেরপুর-৩","৯৬","সীমান্ত মডেল কলেজভারুয়া।","২০৩৫","১৭","২১৮৫","৪২৩৭","ডাউনলোড"
"শেরপুর","শেরপুর-৩","১০৭","ঝিনাইগাতী সরকারি মডেল পাইলট উচ্চ বিদ্যালয় (পুরাতন ভবন)ঝিনাইগাতী।","১৩৫১","৮","১৯৯২","৩৩৫১","ডাউনলোড"
"শেরপুর","শেরপুর-৩","১০৮","সুরিহারা সরকারি প্রাথমিক বিদ্যালয়সুরিহারা।","৮০৪","৮","৭১৪","১৫২৬","ডাউনলোড"
"শেরপুর","শেরপুর-৩","৩৮","বালুঘাট সরকারী প্রাথমিক বিদ্যালয়, বালুঘাটগ্রাম- বালুরঘাট, ডাকঘর- বালুরঘাট, উপজেলা- শ্রীবরদী, জেলা- শেরপুর।","১৬০৮","৮","১৫৭৩","৩১৮৯","ডাউনলোড"
"শেরপুর","শেরপুর-৩","১০৯","দড়িকালি নগর সরকারি প্রাথমিক বিদ্যালয়দড়িকালি নগর।","১০৪১","৩","১১১২","২১৫৬","ডাউনলোড"
"শেরপুর","শেরপুর-৩","৩৯","দহেরপাড় সরকারী প্রাথমিক বিদ্যালয়, দহেরপাড়গ্রাম- দহের পাড়, উপজেলা- শ্রীবরদী, জেলা- শেরপুর।","২৪৭২","৯৩","১১৭৭","৩৭৪২","ডাউনলোড"
"শেরপুর","শেরপুর-৩","১১০","পাইকুড়া আজিজুর রহমান পাবলিক উচ্চ বিদ্যালয়পাইকুড়া।","১২৫২","৫","১০৬২","২৩১৯","ডাউনলোড"
"শেরপুর","শেরপুর-৩","১১১","পাইকুড়া সরকারি প্রাথমিক বিদ্যালয়পাইকুড়া।","৯৯৫","৭","১৩৪১","২৩৪৩","ডাউনলোড"
"শেরপুর","শেরপুর-৩","৪০","মামদামারী দাখিল মাদ্রাসা, মামদামারীগ্রাম- মামদামারী, উপজেলা- শ্রীবরদী, জেলা- শেরপুর।","২৮০৯","০","১৮১৪","৪৬২৩","ডাউনলোড"
"শেরপুর","শেরপুর-৩","১১২","দিঘিরপাড় সরকারি প্রাথমিক বিদ্যালয়দিঘিরপাড়।","২২০৯","৩৬","১৩৮১","৩৬২৬","ডাউনলোড"
"শেরপুর","শেরপুর-৩","১১৩","জড়াকুড়া সরকারি প্রাথমিক বিদ্যালয়জড়াকুড়া।","১৩৭২","১১","১০৬৪","২৪৪৭","ডাউনলোড"
"শেরপুর","শেরপুর-৩","১২৫","মালিঝিকান্দা উচ্চ বিদ্যালয় (দক্ষিণে তিন তলা ভবন)মালিঝিকান্দা।","৯৬৫","৫","১০৫৩","২০২৩","ডাউনলোড"
"শেরপুর","শেরপুর-৩","৪১","কদমতলী সরকারী প্রাথমিক বিদ্যালয়, ঢনঢনিয়া দক্ষিণগ্রাম: ঢনঢনিয়া, ডাক: ঝগড়ারচর, উপজেলা- শ্রীবরদী, জেলা- শেরপুর।","২৪৩৪","১৬","১৩৮৬","৩৮৩৬","ডাউনলোড"
"শেরপুর","শেরপুর-৩","৪২","ভেলুয়া উচ্চ বিদ্যালয়, ভেলুয়াগ্রাম- ভেলুয়া, উপজেলা- শ্রীবরদী, জেলা- শেরপুর।","২৮১২","৩৯","১৮৪৪","৪৬৯৫","ডাউনলোড"
"শেরপুর","শেরপুর-৩","১১৫","ঘাগড়া কামার পাড়া দাখিল মাদ্রাসাঘাগড়া কামারপাড়া।","১১৫১","১১","১০৪২","২২০৪","ডাউনলোড"
"শেরপুর","শেরপুর-৩","৯৫","একতা উচ্চ বিদ্যালয়ফাকরাবাদ।","১১৩২","১","১২৬৮","২৪০১","ডাউনলোড"
"শেরপুর","শেরপুর-৩","৪৩","লক্ষী ডাংরী সরকারী প্রাথমিক বিদ্যালয়, লক্ষী ডাংরীগ্রাম: লক্ষীডাংরী, ডাকঘর- ঝগড়ারচর, উপজেলা- শ্রীবরদী, জেলা- শেরপুর।","২৭০৪","২১","১৫৮৫","৪৩১০","ডাউনলোড"
"শেরপুর","শেরপুর-৩","১২৬","মালিঝিকান্দা উচ্চ বিদ্যালয় (উত্তরের দ্বিতল ভবন)মালিঝিকান্দা।","৯০৮","১৮","১১৪১","২০৬৭","ডাউনলোড"
"শেরপুর","শেরপুর-৩","৪৪","শিমুলচড়া সরকারী প্রাথমিক বিদ্যালয়, শিমুলচড়াগ্রাম- শিমুলচড়া, উপজেলা- শ্রীবরদী, জেলা- শেরপুর।","২২২৮","২","১৪৯৪","৩৭২৪","ডাউনলোড"
"শেরপুর","শেরপুর-৩","৭১","শ্রীবরদী আকবরিয়া পাবলিক পাইলট ইনস্টিটিউশন, শ্রীবরদীশ্রীবরদী, বাজার, শ্রীবরদী, শেরপুর।","১৭৬৩","২০","১৬৩৬","৩৪১৯","ডাউনলোড"
"শেরপুর","শেরপুর-৩","১১৬","ঘাগড়া কামারপাড়া সরকারি প্রাথমিক বিদ্যালয়ঘাগড়া কামারপাড়া।","১০৭২","৪","১২০০","২২৭৬","ডাউনলোড"
"শেরপুর","শেরপুর-৩","৪৫","চরশিমুলচড়া সরকারী প্রাথমিক বিদ্যালয়, চরশিমুলচড়াগ্রাম- চরশিমুলচড়া, উপজেলা- শ্রীবরদী, জেলা- শেরপুর।","১৪৬৪","২১","১৩৬৬","২৮৫১","ডাউনলোড"
"শেরপুর","শেরপুর-৩","১১৮","ঘাগড়া দক্ষিণ পাড়া সরকারি প্রাথমিক বিদ্যালয়ঘাগড়া দক্ষিণ পাড়া।","৯৮০","৯","১০২৯","২০১৮","ডাউনলোড"
"শেরপুর","শেরপুর-৩","৭২","শ্রীবরদী মডেল সরকারি প্রাথমিক বিদ্যালয়, শ্রীবরদীশ্রীবরদী বাজার, শেরপুর।","১৩৫০","১২","২২৮৭","৩৬৪৯","ডাউনলোড"
"শেরপুর","শেরপুর-৩","১১৯","ঘাগড়া দক্ষিণ পাড়া ফজলুর রহমান উচ্চ বিদ্যালয়ঘাগড়া দক্ষিণ পাড়া।","৮৯৪","৯","১১৮৯","২০৯২","ডাউনলোড"
"শেরপুর","শেরপুর-৩","৭০","শ্রীবরদী ইসলামিয়া কামিল মাদ্রাসা, শ্রীবরদীশ্রীবরদী বাজার, শ্রীবরদী, শেরপুর।","২৯১৬","২২","১৪০৬","৪৩৪৪","ডাউনলোড"
"শেরপুর","শেরপুর-৩","৬৬","তাতিহাটি সরকারী প্রাথমিক বিদ্যালয, তাতিহাটিতাতিহাটী, শ্রীবরদী,শেরপুর।","২৫০৬","১৬৭","২১০৮","৪৭৮১","ডাউনলোড"
"শেরপুর","শেরপুর-৩","৪৬","ঝগড়ার চর উচ্চ বিদ্যালয়, ঝগড়ার চরগ্রাম: ঝগড়ারচর, ডাকঘর- ঝগড়ারচর, উপজেলা- শ্রীবরদী, জেলা- শেরপুর।","৩৯৩৬","২৬","১৪৮২","৫৪৪৪","ডাউনলোড"
"শেরপুর","শেরপুর-৩","৬৭","জালকাটা এবতেদায়ী মাদ্রাসা, জালকাটাজালকাটা, শ্রীবরদী, শেরপুর।","১৪৮০","১৭","১২৬৮","২৭৬৫","ডাউনলোড"
"শেরপুর","শেরপুর-৩","৬৯","উত্তর শ্রীবরদী সরকারী প্রাথমিক বিদ্যালয়, উত্তর শ্রীবরদীউত্তর শ্রীবরদী, শ্রীবরদী, শেরপুর।","১৪২৩","৮","১৫০১","২৯৩২","ডাউনলোড"
"শেরপুর","শেরপুর-৩","৬৮","শ্রীবরদী সরকারী কলেজশ্রীবরদী পৌরসভা, শেরপুর","১০১৮","২","১৩৬৬","২৩৮৬","ডাউনলোড"
"শেরপুর","শেরপুর-৩","৪৭","ঝগড়ার চর সরকারী প্রাথমিক বিদ্যালয়, ঝগড়ার চরগ্রাম: ঝগড়ারচর, ডাকঘর- ঝগড়ারচর, উপজেলা- শ্রীবরদী, জেলা- শেরপুর।","২৫৬৬","০","২৭৬৫","৫৩৩১","ডাউনলোড"
"শেরপুর","শেরপুর-৩","৬৫","ঘোনাপাড়া সরকারি প্রাথমিক বিদ্যালয়, ঘোনাপাড়াগ্রাম: ঘোনাপাড়া, উপজেলা- শ্রীবরদী, জেলা- শেরপুর।","২৪৬৭","২১","২৩৪৪","৪৮৩২","ডাউনলোড"
"শেরপুর","শেরপুর-৩","৬৪","চাউলিয়া সরকারি প্রাথমিক বিদ্যালয়, চাউলিয়াগ্রাম- চাউলিয়া, উপজেলা- শ্রীবরদী, জেলা- শেরপুর।","১৫৩৫","১১","২০৪৩","৩৫৮৯","ডাউনলোড"
"শেরপুর","শেরপুর-৩","৬৩","গড়জরিপা সরকারী প্রাথমিক বিদ্যালয়, গড়জরিপাগ্রাম- গড়জরিপা, উপজেলা- শ্রীবরদী, জেলা- শেরপুর।","১৭২৯","১০","১৫৮৭","৩৩২৬","ডাউনলোড"
"শেরপুর","শেরপুর-৩","৬২","গোপালখিলা সরকারি প্রাথমিক বিদ্যালয়, গোপালখিলাগ্রাম- গোপালখিলা, উপজেলা- শ্রীবরদী, জেলা- শেরপুর।","১০৪১","৮","১৫০৫","২৫৫৪","ডাউনলোড"
"শেরপুর","শেরপুর-৩","৪৮","রূপারপাড়া সরকারী প্রাথমিক বিদ্যালয়, রূপারপাড়াগ্রাম- রূপারপাড়া, উপজেলা- শ্রীবরদী, জেলা- শেরপুর।","৪০২১","১","৬৫৪","৪৬৭৬","ডাউনলোড"
"শেরপুর","শেরপুর-৩","৬১","গোপালখিলা উচ্চ বিদ্যালয়, গোপালখিলাগ্রাম: গোপালখিলা, উপজেলা- শ্রীবরদী, জেলা- শেরপুর।","১১০৪","৯","১৪১৫","২৫২৮","ডাউনলোড"
"শেরপুর","শেরপুর-৩","৫৪","কুরুয়া সিনিয়র ইসলামিয়া আলিম মাদ্রাসা, কুরুয়াগ্রাম- কুরুয়া, উপজেলা- শ্রীবরদী, জেলা- শেরপুর।","২২৫৬","১৭","১৬২০","৩৮৯৩","ডাউনলোড"
"শেরপুর","শেরপুর-৩","৫৫","কুরুয়া উচ্চ বিদ্যালয়, কুরুয়াগ্রাম: কুরুয়া, ডাকঘর- কুরুয়া, উপজেলা- শ্রীবরদী, জেলা- শেরপুর।","১৪৮১","১২","২২৭১","৩৭৬৪","ডাউনলোড"
"শেরপুর","শেরপুর-৩","৫৬","কুড়িকাহনিয়া সরকারী প্রাথমিক বিদ্যালয়, কুড়িকাহনিয়াগ্রাম- কুড়িকাহনিয়া, উপজেলা- শ্রীবরদী, জেলা- শেরপুর।","১১৯০","৮","১২৬৪","২৪৬২","ডাউনলোড"
"শেরপুর","শেরপুর-৩","৪৯","মাদারপুর সরকারী প্রাথমিক বিদ্যালয়, মাদারপুরগ্রাম- মাদারপুর, উপজেলা- শ্রীবরদী, জেলা- শেরপুর।","১৬২৮","৩","১০৬০","২৬৯১","ডাউনলোড"
"শেরপুর","শেরপুর-৩","৫৭","কুড়িকাহনিয়া সাউথ কুরুয়া উচ্চ বিদ্যালয়, কুড়িকাহনিয়াগ্রাম: কড়িকাহনীয়া, ডাকঘর- কুড়িকাহনীয়া, উপজেলা- শ্রীবরদী, জেলা- শেরপুর।","১০৪৪","১০","১৪১২","২৪৬৬","ডাউনলোড"
"শেরপুর","শেরপুর-৩","৫৮","ইন্দিলপুর আব্দুল মজিদ উচ্চ বিদ্যালয়, ইন্দিলপুরগ্রাম: ইন্দিলপুর, ডাকঘর- পূর্ব ঝিনিয়া, উপজেলা- শ্রীবরদী, জেলা- শেরপুর।","২০৭৮","১১৩","১৬১০","৩৮০১","ডাউনলোড"
"শেরপুর","শেরপুর-৩","৫৯","চিথলিয়া সরকারী প্রাথমিক বিদ্যালয়, চিথলিয়াগ্রাম- চিথলিয়া, উপজেলা- শ্রীবরদী, জেলা- শেরপুর।","২৮৫৩","৩০","১৫৮৮","৪৪৭১","ডাউনলোড"
"শেরপুর","শেরপুর-৩","৬০","পশ্চিম ঝিনিয়া সরকারী প্রাথমিক বিদ্যালয়, পশ্চিম ঝিনিয়াগ্রাম- পশ্চিম ঝিনিয়া, পো:- ঝিনিয়া বাজার, উপজেলা- শ্রীবরদী, জেলা- শেরপুর।","১২১২","১৫","৬১৮","১৮৪৫","ডাউনলোড"
"শেরপুর","শেরপুর-৩","৫০","খড়িয়াকাজিরচর সরকারী প্রাথমিক বিদ্যালয়, খড়িয়াকাজিরচরগ্রাম- খড়িয়া কাজিরচর, উপজেলা- শ্রীবরদী, জেলা- শেরপুর","২২৬১","১১","১১৭৭","৩৪৪৯","ডাউনলোড"
"শেরপুর","শেরপুর-৩","৫৩","লংগরপাড়া সরকারী প্রাথমিক বিদ্যালয়, লংগরপাড়াগ্রাম: লংগরপাড়া, উপজেলা- শ্রীবরদী, জেলা- শেরপুর।","২৪০৩","৩২","১৭১৩","৪১৪৮","ডাউনলোড"
"শেরপুর","শেরপুর-৩","৫২","লংগরপাড়া উচ্চ বিদ্যালয়, লংগরপাড়াগ্রাম- লংগরপাড়া, উপজেলা- শ্রীবরদী, জেলা- শেরপুর।","২৬৬৮","৫","১৪৮৩","৪১৫৬","ডাউনলোড"
"শেরপুর","শেরপুর-৩","৫১","পোড়াগড় সরকারী প্রাথমিক বিদ্যালয়, পোড়াগড়।গ্রাম- পোড়াগড়, ডাকঘর- লংগরপাড়া উপজেলা- শ্রীবরদী, জেলা- শেরপুর।","২৮৪৭","০","১২০৫","৪০৫২","ডাউনলোড"
"শেরপুর","শেরপুর-৩","৩৪","ভারেরা ছমির উদ্দিন স্কুল এন্ড কলেজ, ভারেরাগ্রাম- ভারেরা, উপজেলা- শ্রীবরদী, জেলা- শেরপুর।","২৮৬১","৩","১৫৩২","৪৩৯৬","ডাউনলোড"
"শেরপুর","শেরপুর-৩","৩৫","ধাতুয়া সরকারী প্রাথমিক বিদ্যালয়, ধাতুয়াগ্রাম- ধাতুয়া, উপজেলা- শ্রীবরদী, জেলা- শেরপুর।","১৪৯৪","৮","৮০০","২৩০২","ডাউনলোড"